{"0": [[[-119.6020036471642, 36.24653673237761], [-119.6020036471642, 36.304608166617356], [-119.66450364716421, 36.280615194864794], [-119.6020036471642, 36.24653673237761]]], "1": [[[-119.47700364716421, 35.78085207750271], [-119.47700364716421, 35.84262604608604], [-119.53025072147486, 35.842641872290194], [-119.53295138852988, 35.78012604608607], [-119.47700364716421, 35.78085207750271]]], "2": [[[-119.53025072147486, 35.842641872290194], [-119.47700364716421, 35.84262604608604], [-119.47700364716421, 35.96762604608605], [-119.52483797651162, 35.96764135794373], [-119.53025072147486, 35.842641872290194]]], "3": [[[-119.52483797651162, 35.96764135794373], [-119.47700364716421, 35.96762604608605], [-119.47700364716421, 36.09262604608604], [-119.51940806582947, 36.09264059549999], [-119.52483797651162, 35.96764135794373]]], "4": [[[-119.51940806582947, 36.09264059549999], [-119.47700364716421, 36.09262604608604], [-119.47700364716421, 36.217626046086046], [-119.5490997266667, 36.21764191259798], [-119.51477976263449, 36.19887331019281], [-119.51940806582947, 36.09264059549999]]], "5": [[[-119.5490997266667, 36.21764191259798], [-119.47700364716421, 36.217626046086046], [-119.47700364716421, 36.342626046086046], [-119.50268884595746, 36.34263667219274], [-119.6020036471642, 36.304608166617356], [-119.6020036471642, 36.24653673237761], [-119.5490997266667, 36.21764191259798]]], "6": [[[-119.50268884595746, 36.34263667219274], [-119.47700364716421, 36.342626046086046], [-119.47700364716421, 36.35245235342176], [-119.50268884595746, 36.34263667219274]]], "7": [[[-119.35200364716421, 35.78238052657707], [-119.35200364716421, 35.842626046086046], [-119.47700364716421, 35.84262604608604], [-119.47700364716421, 35.78085207750271], [-119.35200364716421, 35.78238052657707]]], "8": [[[-119.47700364716421, 35.84262604608604], [-119.35200364716421, 35.842626046086046], [-119.35200364716421, 35.96762604608605], [-119.47700364716421, 35.96762604608605], [-119.47700364716421, 35.84262604608604]]], "9": [[[-119.47700364716421, 35.96762604608605], [-119.35200364716421, 35.96762604608605], [-119.35200364716421, 36.092626046086046], [-119.47700364716421, 36.09262604608604], [-119.47700364716421, 35.96762604608605]]], "10": [[[-119.47700364716421, 36.09262604608604], [-119.35200364716421, 36.092626046086046], [-119.35200364716421, 36.217626046086046], [-119.47700364716421, 36.217626046086046], [-119.47700364716421, 36.09262604608604]]], "11": [[[-119.47700364716421, 36.217626046086046], [-119.35200364716421, 36.217626046086046], [-119.35200364716421, 36.342626046086046], [-119.47700364716421, 36.342626046086046], [-119.47700364716421, 36.217626046086046]]], "12": [[[-119.47700364716421, 36.342626046086046], [-119.35200364716421, 36.342626046086046], [-119.35200364716421, 36.40010777571527], [-119.47700364716421, 36.35245235342176], [-119.47700364716421, 36.342626046086046]]], "13": [[[-119.22700364716422, 35.783779565293365], [-119.22700364716422, 35.84262604608604], [-119.35200364716421, 35.842626046086046], [-119.35200364716421, 35.78238052657707], [-119.22700364716422, 35.783779565293365]]], "14": [[[-119.35200364716421, 35.842626046086046], [-119.22700364716422, 35.84262604608604], [-119.22700364716425, 35.96762604608605], [-119.35200364716421, 35.96762604608605], [-119.35200364716421, 35.842626046086046]]], "15": [[[-119.35200364716421, 35.96762604608605], [-119.22700364716425, 35.96762604608605], [-119.22700364716425, 36.09262604608604], [-119.35200364716421, 36.092626046086046], [-119.35200364716421, 35.96762604608605]]], "16": [[[-119.35200364716421, 36.092626046086046], [-119.22700364716425, 36.09262604608604], [-119.22700364716425, 36.217626046086046], [-119.35200364716421, 36.217626046086046], [-119.35200364716421, 36.092626046086046]]], "17": [[[-119.35200364716421, 36.217626046086046], [-119.22700364716425, 36.217626046086046], [-119.22700364716425, 36.342626046086046], [-119.35200364716421, 36.342626046086046], [-119.35200364716421, 36.217626046086046]]], "18": [[[-119.35200364716421, 36.342626046086046], [-119.22700364716425, 36.342626046086046], [-119.22700364716425, 36.44757472678198], [-119.35200364716421, 36.40010777571527], [-119.35200364716421, 36.342626046086046]]], "19": [[[-119.10200364716421, 35.78504920065352], [-119.10200364716421, 35.842626046086046], [-119.22700364716422, 35.84262604608604], [-119.22700364716422, 35.783779565293365], [-119.10200364716421, 35.78504920065352]]], "20": [[[-119.22700364716422, 35.84262604608604], [-119.10200364716421, 35.842626046086046], [-119.10200364716421, 35.96762604608605], [-119.22700364716425, 35.96762604608605], [-119.22700364716422, 35.84262604608604]]], "21": [[[-119.22700364716425, 35.96762604608605], [-119.10200364716421, 35.96762604608605], [-119.10200364716421, 36.09262604608604], [-119.22700364716425, 36.09262604608604], [-119.22700364716425, 35.96762604608605]]], "22": [[[-119.22700364716425, 36.09262604608604], [-119.10200364716421, 36.09262604608604], [-119.10200364716421, 36.217626046086046], [-119.22700364716425, 36.217626046086046], [-119.22700364716425, 36.09262604608604]]], "23": [[[-119.22700364716425, 36.217626046086046], [-119.10200364716421, 36.217626046086046], [-119.10200364716421, 36.342626046086046], [-119.22700364716425, 36.342626046086046], [-119.22700364716425, 36.217626046086046]]], "24": [[[-119.22700364716425, 36.342626046086046], [-119.10200364716421, 36.342626046086046], [-119.10200364716421, 36.467626046086046], [-119.1740087358924, 36.46764196307175], [-119.22700364716425, 36.44757472678198], [-119.22700364716425, 36.342626046086046]]], "25": [[[-119.02859486826472, 35.84264173400031], [-119.10200364716421, 35.842626046086046], [-119.10200364716421, 35.78504920065352], [-119.09131044109984, 35.785151804206045], [-119.02859486826472, 35.84264173400031]]], "26": [[[-119.10200364716421, 35.842626046086046], [-119.02859486826472, 35.84264173400031], [-118.97700364716421, 35.889847441543935], [-118.97700364716421, 35.96762604608605], [-119.10200364716421, 35.96762604608605], [-119.10200364716421, 35.842626046086046]]], "27": [[[-119.10200364716421, 35.96762604608605], [-118.97700364716421, 35.96762604608605], [-118.97700364716421, 36.09262604608604], [-119.10200364716421, 36.09262604608604], [-119.10200364716421, 35.96762604608605]]], "28": [[[-119.10200364716421, 36.09262604608604], [-118.97700364716421, 36.09262604608604], [-118.97700364716421, 36.110396039175775], [-119.01188465834709, 36.21763912246029], [-119.10200364716421, 36.217626046086046], [-119.10200364716421, 36.09262604608604]]], "29": [[[-119.10200364716421, 36.217626046086046], [-119.01188465834709, 36.21763912246029], [-119.05266703113662, 36.34264159615674], [-119.10200364716421, 36.342626046086046], [-119.10200364716421, 36.217626046086046]]], "30": [[[-119.10200364716421, 36.342626046086046], [-119.05266703113662, 36.34264159615674], [-119.09358051991899, 36.467630141985275], [-119.10200364716421, 36.467626046086046], [-119.10200364716421, 36.342626046086046]]]}